precision,recall,f1,accuracy,Total run Time
0.43012456293706297,0.44088774651274654,0.4038149614814375,0.42375,9.007971998055776
