precision,recall,f1,accuracy,Total run Time
0.932313172938173,0.9298388648388649,0.9212500725567705,0.92375,30.01664726336797
