precision,recall,f1,accuracy,Total run Time
0.9428571428571428,0.9542857142857143,0.9460317460317461,0.97,10.583801110585531
