precision,recall,f1,accuracy,Total run Time
0.7496835450124925,0.7334371993746994,0.7025706574473047,0.72375,29.886295334498087
