precision,recall,f1,accuracy,Total run Time
0.8548710956799194,0.8606349206349205,0.8417391529093156,0.85625,20.26881727774938
