precision,recall,f1,accuracy,Total run Time
0.9366197183098591,0.9366197183098591,0.9342723004694835,0.97,52.27638426224391
