precision,recall,f1,accuracy,Total run Time
0.9056829281829283,0.9117081529581531,0.902199773943711,0.91125,39.82048638264338
