precision,recall,f1,accuracy,Total run Time
0.5366515660265659,0.5356307118807119,0.49798432307585627,0.52625,19.939465010166167
