precision,recall,f1,accuracy,Total run Time
0.8052072933874403,0.7939622414622415,0.7704765417824035,0.78625,24.128364713986716
