precision,recall,f1,accuracy,Total run Time
0.8997432891182892,0.9038302669552668,0.8897537788255079,0.8975,59.040337681770325
