precision,recall,f1,accuracy,Total run Time
0.9037558685446008,0.9126760563380282,0.90641627543036,0.95,87.06352088054021
