precision,recall,f1,accuracy,Total run Time
0.9208724377474378,0.9336547017797018,0.9198482353445617,0.925,89.41262813011805
