precision,recall,f1,accuracy,Total run Time
0.8050816939052233,0.7880208333333333,0.7624782626124137,0.77375,50.82032678127289
